t,e,s,t,t,e,s,t,t,e,s,t
1,1,1,1,2,1,2
冰王芦荟胶泡沫洗面奶氨基酸深层清洁温和控油补水保湿祛痘敏感肌卸妆乳神男士学生120ml,//item.jd.com/100000755389.html
泰国进口 Beauty Buffet Q10牛奶沐浴露 450ml/瓶 男女用沐浴乳 保湿补水持久滋润,//item.jd.com/4966325.html
杰威尔净澈多效去角质慕斯洁面乳80ml（去黑头 去角质 去死皮磨砂膏 控油洗面奶 舒润净肤 男女通用 护肤品）,//item.jd.com/100010090672.html
如新 lumispa洗脸仪洁面仪洗面奶男女士净肤露温和（平衡保湿控油轻柔痘痘）可选 净肤露1只有泡沫,//item.jd.com/69181888068.html
如新洗脸仪洁面仪器毛孔清洁器 lumispa 硅胶导头电动充电美容按摩机男女士 平衡净肤露（及混合肌肤）有泡沫,//item.jd.com/36089520953.html
KOOGIS男士去角质慕斯男 去角质深层洁净清洁毛孔脸部去死皮磨砂膏啫喱清爽控油洗面奶男女80ml,//item.jd.com/100009825904.html
男士士爸爸妈妈用中年人中老年人洗面奶专用乳洗脸护肤品温和抗皱正品去油脂深层清洁脸部肌肤毛孔,//item.jd.com/32213431336.html
【国内专柜】Clinique倩碧洗面奶温和柔和清爽液体皂女士洁面乳三部曲200ml 温和液体皂（及干性肤质）,//item.jd.com/30157269970.html
麦芙迪男士去角质慕斯深层清洁脸部去死皮去黑头清爽控油不紧绷角质素洗面奶磨砂膏 去角质慕斯【买1送1 送同款】,//item.jd.com/51042325011.html
麦芙迪男士去角质慕斯深层清洁脸部去死皮去黑头清爽控油不紧绷角质素洗面奶磨砂膏 去角质慕斯*1+控油洗面奶*1,//item.jd.com/52748357044.html
BXB 芦荟祛痘洗面奶男士控油去油去痘去黑头印男生学生保湿洁面乳,//item.jd.com/10359566564.html
季德胜 夏枯草控油去黑头洗面奶 男女士去粉刺痤疮去角质除螨去痘洁面乳100g,//item.jd.com/1216595812.html
如新 lumispa洗脸仪洁面仪洗面奶男女士净肤露温和（平衡保湿控油轻柔痘痘）可选 净肤露2只有泡沫适合至混合肌肤）,//item.jd.com/33291794765.html
如新洗面奶女士柔润洁面乳滋润温和无泡沫适合至干性护肤品150毫升 柔润洁面乳2瓶,//item.jd.com/36400740147.html
旁氏洗面奶氨基酸补水保湿净澈护肤洁面乳男女士氨基酸烟酰胺旗舰 竹炭清透,//item.jd.com/69778146117.html
BXB男士洗面奶男女控油祛痘磨砂去角质印去油男生洁面乳 芦荟祛痘抗痘洗面奶,//item.jd.com/11086572506.html
曼秀雷敦男士洗面奶去黑头控油抗痘补水保湿男洗脸男士护肤洗面洁面乳收缩毛孔去油护肤套装 冰爽活炭洁面乳150ml,//item.jd.com/46923231915.html
麦芙迪男士去角质慕斯深层清洁脸部去死皮去黑头清爽控油不紧绷角质素洗面奶磨砂膏 去角质*1+去痘精华液*1,//item.jd.com/59710355725.html
麦芙迪男士去角质慕斯深层清洁脸部去死皮去黑头清爽控油不紧绷角质素洗面奶磨砂膏 去角质慕斯*1+除螨皂*1,//item.jd.com/57592652118.html
旁氏洗面奶氨基酸补水保湿净澈护肤洁面乳男女士氨基酸烟酰胺旗舰 粉润莹泽150g,//item.jd.com/46165247596.html
娇韵诗泡沫洁面膏洗面奶男女护肤清洁 平衡泡沫洁面乳125ml至油性肤质,//item.jd.com/1590926120.html
曼秀雷敦男士洗面奶去黑头控油抗痘补水保湿男洗脸男士护肤洗面洁面乳收缩毛孔去油护肤套装 控油抗痘洁面乳150ml,//item.jd.com/46474611944.html
如新 lumispa洗脸仪洁面仪洗面奶男女士净肤露温和（平衡保湿控油轻柔痘痘）可选 净肤露3只有泡沫适合至混合肌肤）+基础导头1个,//item.jd.com/33291794766.html
如新洗面奶女士柔润洁面乳滋润温和无泡沫适合至干性护肤品150毫升 柔润洁面乳新包装1瓶,//item.jd.com/36400740146.html
旁氏洗面奶氨基酸补水保湿净澈护肤洁面乳男女士氨基酸烟酰胺旗舰 米粹润泽150g,//item.jd.com/46165247597.html
京润珍珠珍珠天然盈润洗面奶150g（适合、干性肌肤使用）清洁补水洁面乳男女士 有盒装,//item.jd.com/1611248155.html
极男 清透水润去角质慕斯男士温和祛死皮清洁男女脸部摩丝去黑头收缩毛孔全身体磨砂膏 去角质慕斯80ml,//item.jd.com/51972533086.html
麦芙迪男士去角质慕斯深层清洁脸部去死皮去黑头清爽控油不紧绷角质素洗面奶磨砂膏 去角质慕斯*2+润肤乳*1,//item.jd.com/61299301446.html
麦芙迪男士去角质慕斯深层清洁脸部去死皮去黑头清爽控油不紧绷角质素洗面奶磨砂膏 洗面奶套装+润肤乳50g+去角质,//item.jd.com/66468715141.html
曼秀雷敦男士洗面奶去黑头控油抗痘补水保湿男洗脸男士护肤洗面洁面乳收缩毛孔去油护肤套装 抗黑头火山泥洁面乳150ml,//item.jd.com/48662616271.html
BXB男士洗面奶男女控油祛痘磨砂去角质印去油男生洁面乳 磨砂去角质洗面奶,//item.jd.com/11086572504.html
LOREAL欧莱雅复颜抗皱洗面奶 花卉玫瑰清润保湿补水紧致洁面乳 绿色清爽型150ml（适合，混合性肌肤）,//item.jd.com/68169531595.html
如新 lumispa洗脸仪洁面仪洗面奶男女士净肤露温和（平衡保湿控油轻柔痘痘）可选 净肤露至混合肌肤有泡沫1只+基础导头1只,//item.jd.com/33291794764.html
【618年中购物庆典】资生堂肌活焕采悦薇珀翡女士洁面乳去黑头/去角质/红腰子洗面奶/油皮痘痘混合肌 肌活焕采洁面膏125ml（混合肌）,//item.jd.com/65221038789.html
冰美人洗面奶洁面乳100g 深层清洁毛孔不紧绷去除老化角质 卸妆膏洁面乳膏洗面奶男女士正品 洗颜凝露（适合干性及肌肤）,//item.jd.com/45120401113.html
nuskin如新洗脸仪 提拉紧致国产蓝色套装含电动洁面仪带导头充电器洗面奶深层清洁滋润喷雾液女士,//item.jd.com/29585095562.html
曼秀雷敦男士洗面奶去黑头控油抗痘补水保湿男洗脸男士护肤洗面洁面乳收缩毛孔去油护肤套装 保湿活力洁面乳150ml,//item.jd.com/50452511537.html
麦芙迪男士去角质慕斯深层清洁脸部去死皮去黑头清爽控油不紧绷角质素洗面奶磨砂膏 去角质慕斯*1+面膜10片,//item.jd.com/52748357041.html
娇韵诗泡沫洁面膏洗面奶男女护肤清洁 温和柔肤颜乳200ml绿吸盘至干性肤质,//item.jd.com/69258222572.html
娇韵诗泡沫洁面膏洗面奶男女护肤清洁 均衡柔肤颜乳200ml白吸盘至油性肤质,//item.jd.com/69258222573.html
国产如新洗脸仪洁面仪 nuskin净肤露硅胶导头电动充电毛孔清洁美容按摩机男士女士蓝色 蓝色新动机+净肤露(及混合肌肤),//item.jd.com/51119232180.html
国产如新洗脸仪洁面仪 nuskin净肤露硅胶导头电动充电毛孔清洁美容按摩机男士女士蓝色 蓝色新动机+平衡净肤露(及混合肌肤),//item.jd.com/51119232194.html
如新洗脸仪洁面仪器毛孔清洁器 lumispa 硅胶导头电动充电美容按摩机男女士 洗脸仪礼+净肤露(及混合肌肤有泡沫)+导头1个,//item.jd.com/36089520949.html
麦芙迪男士去角质慕斯深层清洁脸部去死皮去黑头清爽控油不紧绷角质素洗面奶磨砂膏 去角质慕斯*1+保湿喷雾*1,//item.jd.com/52748357042.html
高夫（gf）聚能醒肤泡150ml（补水保湿不刺激 深层清洁慕斯泡泡 男女适用 ）抖音同款,//item.jd.com/27687040291.html
珀莱雅水漾芯肌  清爽滋润不油腻深层清洁补水保湿温和洁净洗面奶男女护肤化妆品 柔润洁面膏120g（适合及偏干性肌肤）,//item.jd.com/67428513130.html
高夫控油男士皂100g  （祛痘香皂清洁毛孔去角质控油平衡抗痘抑痘温和无刺激男女士洗脸） 高夫新竹.炭净源控油皂100g*2,//item.jd.com/31805301184.html
资生堂女士洗面奶 肌活焕采洁面膏125ml混合肌肤,//item.jd.com/17078503217.html
娇韵诗洗面奶泡沫洁面膏男女护肤清洁保湿 温和柔肤颜乳200ml绿吸盘至干性肤质,//item.jd.com/25558596441.html
娇韵诗洗面奶泡沫洁面膏男女护肤清洁保湿 均衡柔肤颜乳200ml白吸盘至油性肤质,//item.jd.com/25558596442.html
国产如新洗脸仪洁面仪 nuskin净肤露硅胶导头电动充电毛孔清洁美容按摩机男士女士蓝色 平衡净肤露(及混合肌肤),//item.jd.com/51119232186.html
韩国unny洗面奶氨基酸矿物学生专用男士悠宜深层清洁毛孔控油祛痘男官方旗舰女孩去黑除螨泡沫温和敏 净透水润洁面乳【油性混合肌肤】,//item.jd.com/53548748788.html
BISUTANG碧素堂 氨基酸净肤洗面奶100g保湿修护深层清洁洗面奶学生肤质男女通用,//item.jd.com/60694818905.html
如新 lumispa洗脸仪洁面仪洗面奶男女士净肤露温和（平衡保湿控油轻柔痘痘）5款可选 净肤露2只有泡沫适合至混合肌肤),//item.jd.com/68976788445.html
高夫控油男士皂100g  （祛痘香皂清洁毛孔去角质控油平衡抗痘抑痘温和无刺激男女士洗脸） 高夫新竹.炭净源控油皂100g（舒爽清洁,//item.jd.com/31805301185.html
如新 lumispa洗脸仪洁面仪洗面奶男女士净肤露温和（平衡保湿控油轻柔痘痘）5款可选 净肤露至混合肌肤有泡沫1只+基础导头1只,//item.jd.com/68976788444.html
【两支装】俞唐去角质慕斯男女全身磨砂膏慕斯祛死皮凝胶脸部深层清洁毛孔慕斯 去角质慕斯120ml【买1送1送同款】,//item.jd.com/57126960742.html
【点燃夏日】洗手了吗？俄罗斯PALMOLIVE蜂蜜牛奶洗手液 柔软PH300ML送女友礼物 300mL,//item.jd.com/68856909336.html
娇韵诗（CLARINS）洗面奶 温和舒缓平衡面霜/白吸盘绿吸盘温和均衡洁面乳 男女温和 棉花籽温和泡沫面霜125ml 及混合型肌肤,//item.jd.com/33568693817.html
娇韵诗泡沫洁面膏洗面奶男女护肤清洁 轻柔泡沫洁面膏125ml至干性肤质,//item.jd.com/1590926124.html
